,country,type,lat,lon,cap,commissioned,decommissioned
0,Austria,Bioenergy,48.167,16.433,24.2,2009.0,
1,Belgium,Bioenergy,51.127,3.769,268.0,,
2,Denmark,Bioenergy,56.1214,9.0068,88.0,2009.0,
3,Finland,Bioenergy,60.909,26.665,100.0,,
4,Finland,Bioenergy,61.25,28.861,185.0,,
5,Finland,Bioenergy,62.599,25.732,260.0,,
6,Finland,Bioenergy,62.923,30.222,107.0,,
7,Finland,Bioenergy,63.702,22.704,143.0,,
8,Finland,Bioenergy,64.233,27.69,125.0,,
9,France,Bioenergy,43.49,5.5,150.0,,
10,Germany,Bioenergy,50.1294,8.7679,12.4,2004.0,
11,Germany,Bioenergy,48.7912,11.5068,15.1,2007.0,
12,Germany,Bioenergy,51.604,7.2508,14.0,2004.0,
13,Germany,Bioenergy,51.614,7.4813,20.0,2006.0,
14,Germany,Bioenergy,51.637,7.6188,17.7,2005.0,
15,Germany,Bioenergy,50.0226,8.3772,12.6,2003.0,
16,Germany,Bioenergy,52.3048,13.636,17.1,2003.0,
17,Germany,Bioenergy,49.5164,8.4602,17.9,2003.0,
18,Germany,Bioenergy,48.6285,10.2009,14.0,2004.0,
19,Germany,Bioenergy,53.3,14.25,17.8,2006.0,
20,Germany,Bioenergy,48.397,9.9648,13.2,2003.0,
21,Germany,Bioenergy,50.4978,11.6562,12.9,2008.0,
22,Germany,Bioenergy,49.5154,9.3252,28.4,2003.0,
23,Germany,Bioenergy,51.9201,11.8018,10.2,1996.0,
24,Germany,Bioenergy,51.5152,12.3248,40.0,2004.0,
25,Germany,Bioenergy,52.8515,13.7781,20.0,2006.0,
26,Germany,Bioenergy,48.6283,10.2008,15.7,2004.0,
27,Germany,Bioenergy,51.4662,13.5046,12.6,2004.0,
28,Germany,Bioenergy,52.1827,14.2584,18.3,2001.0,
29,Germany,Bioenergy,51.4901,10.4129,53.5,1999.0,
30,Germany,Bioenergy,51.8554,6.8887,11.4,2006.0,
31,Germany,Bioenergy,53.1511,12.3771,19.7,2002.0,
32,Germany,Bioenergy,51.8848,8.9567,19.9,2000.0,
33,Germany,Bioenergy,49.9713,8.0606,12.4,2004.0,
34,Germany,Bioenergy,48.4933,11.1766,9.6,2007.0,
35,Germany,Bioenergy,51.205,6.7085,12.1,2008.0,
36,Germany,Bioenergy,50.7021,8.0732,14.0,2006.0,
37,Germany,Bioenergy,49.0115,9.6718,18.8,2000.0,
38,Germany,Bioenergy,53.7419,12.783,9.8,2003.0,
39,Germany,Bioenergy,51.35,7.45,20.0,2004.0,
40,Germany,Bioenergy,51.8712,12.6185,18.1,2009.0,
41,Germany,Bioenergy,51.4899,10.4131,18.1,2006.0,
42,Germany,Bioenergy,49.9882,9.1558,2.0,,
43,Germany,Bioenergy,53.2656,13.95,20.0,2003.0,
44,Germany,Bioenergy,51.4067,8.6012,18.0,1990.0,
45,Germany,Bioenergy,53.3422,7.2062,20.0,2005.0,
46,Germany,Bioenergy,53.149,12.3797,18.6,2002.0,
47,Germany,Bioenergy,52.4253,13.5173,16.5,2005.0,
48,Germany,Bioenergy,47.7971,10.8587,9.8,1999.0,
49,Germany,Bioenergy,48.8971,8.725,12.3,2004.0,
50,Germany,Bioenergy,51.9154,8.4003,12.1,2001.0,
51,Germany,Bioenergy,49.2613,11.4516,15.6,1997.0,
52,Germany,Bioenergy,52.577,9.1101,20.0,2005.0,
53,Germany,Bioenergy,53.5319,10.0746,20.0,2005.0,
54,Germany,Bioenergy,49.5349,8.4636,59.2,,
55,Germany,Bioenergy,49.0393,8.3113,78.0,2010.0,
56,Germany,Bioenergy,53.0867,14.3194,13.3,2009.0,
57,Germany,Bioenergy,52.0778,13.5173,16.0,2002.0,
58,Germany,Bioenergy,51.9848,9.8228,16.8,1988.0,
59,Germany,Bioenergy,48.267,9.7262,21.2,,
60,Germany,Bioenergy,50.0405,8.2532,31.7,,
61,Germany,Bioenergy,52.7271,12.0112,138.9,,
62,Germany,Bioenergy,48.4554,11.7995,528.0,1986.0,
63,Ireland,Bioenergy,53.2735,-8.0403,137.0,,
64,Hungary,Bioenergy,47.096,17.558,28.0,,
65,Hungary,Bioenergy,46.064,18.263,44.0,1965.0,
66,Hungary,Bioenergy,46.064,18.263,62.0,1961.0,
67,Italy,Bioenergy,40.379,15.401,12.0,,
68,Italy,Bioenergy,45.221,8.704,18.0,,
69,Italy,Bioenergy,37.51,14.263,18.0,,
70,Italy,Bioenergy,45.195,7.889,16.0,,
71,Italy,Bioenergy,44.917,7.489,14.0,,
72,Italy,Bioenergy,44.758,8.855,50.0,,
73,Italy,Bioenergy,41.89,12.5,18.0,,
74,Italy,Bioenergy,44.651,11.892,22.0,,
75,Italy,Bioenergy,45.472,9.21,14.0,,
76,Italy,Bioenergy,41.801,13.311,20.0,,
77,Italy,Bioenergy,42.001,14.995,13.0,,
78,Italy,Bioenergy,42.138,12.594,150.0,,
79,Italy,Bioenergy,39.225,17.107,48.0,,
80,Italy,Bioenergy,39.081,17.127,32.0,,
81,Italy,Bioenergy,45.792,9.178,15.0,,
82,Italy,Bioenergy,41.89,12.498,34.0,,
83,Italy,Bioenergy,39.373,16.238,14.0,,
84,Italy,Bioenergy,40.234,9.043,36.0,,
85,Italy,Bioenergy,39.423,8.922,13.0,,
86,Italy,Bioenergy,43.858,11.138,14.0,,
87,Poland,Bioenergy,50.433,21.333,225.0,1983.0,
88,Poland,Bioenergy,53.707,18.926,111.6,,
89,Portugal,Bioenergy,40.9821,-8.5465,1.1,2004.0,
90,Portugal,Bioenergy,39.4723,-8.3327,9.0,2001.0,
91,Portugal,Bioenergy,40.0522,-8.8763,70.0,1987.0,
92,Portugal,Bioenergy,39.6622,-7.672,30.0,1992.0,
93,Portugal,Bioenergy,41.6996,-8.7139,38.8,2002.0,
94,Portugal,Bioenergy,40.5848,-7.7916,4.0,1996.0,
95,Portugal,Bioenergy,40.0576,-8.8595,95.0,2004.0,
96,Portugal,Bioenergy,40.687,-8.5897,35.1,2005.0,
97,Portugal,Bioenergy,38.4935,-8.8108,53.9,2004.0,
98,Portugal,Bioenergy,39.6566,-7.657,6.0,1998.0,
99,Portugal,Bioenergy,40.886,-8.4285,10.0,2008.0,
100,Portugal,Bioenergy,40.0529,-8.8762,34.3,2009.0,
101,Portugal,Bioenergy,39.8163,-8.1062,3.0,2010.0,
102,Portugal,Bioenergy,40.3659,-7.3541,2.0,2010.0,
103,Portugal,Bioenergy,40.6852,-8.591,12.5,2009.0,
104,Portugal,Bioenergy,39.4723,-8.3327,13.7,2009.0,
105,Portugal,Bioenergy,40.3778,-8.1864,9.0,1999.0,
106,Portugal,Bioenergy,39.6621,-7.6715,13.0,2007.0,
107,Portugal,Bioenergy,38.4916,-8.8113,12.5,2009.0,
108,Spain,Bioenergy,37.6167,-4.3225,20.0,,
109,Sweden,Bioenergy,59.265,15.178,106.0,,
110,Sweden,Bioenergy,59.353,18.102,120.0,2016.0,
111,United Kingdom,Bioenergy,53.737,-0.997,1935.0,1974.0,
112,United Kingdom,Bioenergy,55.152,-3.379,45.0,,
113,United Kingdom,Bioenergy,56.202,-3.162,55.0,,
114,Austria,Coal,48.317,15.917,335.0,1985.0,
115,Austria,Coal,48.317,15.917,380.0,1985.0,
116,Austria,Coal,46.933,15.517,200.0,1986.0,
117,Austria,Coal,48.033,12.833,150.0,1970.0,
118,Belgium,Coal,50.934,5.478,235.0,1899.0,2016.0
119,Belgium,Coal,50.934,5.478,235.0,1899.0,2016.0
120,Bulgaria,Coal,43.196,27.637,132.0,2009.0,
121,Bulgaria,Coal,43.636,25.322,120.0,,
122,Bulgaria,Coal,43.866,26.009,180.0,,
123,Bulgaria,Coal,43.866,26.009,110.0,,
124,Croatia,Coal,45.137,14.164,330.0,,
125,Czechia,Coal,49.832,18.21,174.0,,
126,Czechia,Coal,49.91,18.46,748.0,1975.0,
127,Czechia,Coal,50.572,15.963,149.0,1996.0,
128,Denmark,Coal,55.02,9.446,626.0,1979.0,2017.0
129,Denmark,Coal,55.205,11.253,264.0,1970.0,2012.0
130,Denmark,Coal,55.429,10.404,372.0,1991.0,
131,Denmark,Coal,55.455,8.458,377.0,1992.0,
132,Denmark,Coal,55.662,11.082,787.0,1961.0,
133,Denmark,Coal,55.686,12.626,250.0,1989.0,
134,Denmark,Coal,56.251,10.344,716.0,1984.0,
135,Denmark,Coal,57.074,10.042,380.0,1977.0,
136,Finland,Coal,60.02,23.911999999999995,695.0,1974.0,2013.0
137,Finland,Coal,60.165,24.904,155.0,1984.0,
138,Finland,Coal,60.183,24.973,210.0,1974.0,
139,Finland,Coal,60.458,22.052,471.0,1960.0,
140,Finland,Coal,60.991,25.721,170.0,,
141,Finland,Coal,61.488,21.817,240.0,1976.0,
142,Finland,Coal,61.632,21.405,565.0,1994.0,
143,Finland,Coal,62.256,21.325,450.0,1974.0,
144,Finland,Coal,63.091,21.554,383.0,1972.0,
145,Finland,Coal,64.651,24.422,125.0,,
146,France,Coal,43.49,5.5,595.0,1984.0,
147,France,Coal,46.67,4.35,245.0,,2015.0
148,France,Coal,47.29,-1.83,580.0,1899.0,
149,France,Coal,47.29,-1.83,580.0,1899.0,
150,France,Coal,48.78,2.39,250.0,,2015.0
151,France,Coal,48.78,2.39,250.0,,2015.0
152,France,Coal,49.12,6.71,115.0,1952.0,2015.0
153,France,Coal,49.12,6.71,595.0,1981.0,
154,France,Coal,49.12,6.71,285.0,1972.0,2015.0
155,France,Coal,49.16,6.15,250.0,1971.0,2015.0
156,France,Coal,49.16,6.15,235.0,1971.0,2015.0
157,France,Coal,49.49,0.13,580.0,1983.0,
158,France,Coal,50.28,3.31,250.0,1970.0,2016.0
159,Germany,Coal,48.189,11.596,333.0,1991.0,
160,Germany,Coal,48.456,11.801,472.0,1986.0,
161,Germany,Coal,48.718,9.373,769.0,1985.0,
162,Germany,Coal,49.015,8.304,1347.0,1985.0,
163,Germany,Coal,49.178,9.209,778.0,1985.0,
164,Germany,Coal,49.178,9.209,250.0,,
165,Germany,Coal,49.25,6.879,390.0,1982.0,
166,Germany,Coal,49.293,6.771,106.0,,
167,Germany,Coal,49.293,6.771,283.0,,
168,Germany,Coal,49.336,7.035,656.0,1976.0,
169,Germany,Coal,49.364,7.237,726.0,1983.0,
170,Germany,Coal,49.365,7.235,726.0,1983.0,
171,Germany,Coal,49.445,8.5,244.0,,
172,Germany,Coal,49.446,8.49,1036.0,,
173,Germany,Coal,49.446,8.49,691.0,1982.0,
174,Germany,Coal,51.277,7.705,325.0,1982.0,
175,Germany,Coal,51.526,6.72,1095.0,1988.0,
176,Germany,Coal,51.551,7.187,740.0,1966.0,
177,Germany,Coal,51.599,7.009,690.0,1968.0,
178,Germany,Coal,51.603,6.658,640.0,1970.0,
179,Germany,Coal,51.603,6.658,1390.0,1982.0,2017.0
180,Germany,Coal,51.616,7.478,473.0,1962.0,
181,Germany,Coal,51.622,7.628,717.0,1981.0,
182,Germany,Coal,51.629,7.332,1052.0,2020.0,
183,Germany,Coal,51.659,7.838,746.0,1962.0,
184,Germany,Coal,51.682,7.971,1030.0,1969.0,2016.0
185,Germany,Coal,52.19,8.934,303.0,1970.0,2015.0
186,Germany,Coal,52.285,7.739,791.0,1985.0,
187,Germany,Coal,52.316,10.093,690.0,1979.0,
188,Germany,Coal,52.383,8.996,875.0,1987.0,
189,Germany,Coal,52.42,9.648,272.0,1989.0,
190,Germany,Coal,52.429,10.768,277.0,,
191,Germany,Coal,52.429,10.768,123.0,2000.0,
192,Germany,Coal,52.531,13.245,160.0,,
193,Germany,Coal,52.54,13.249,564.0,1987.0,
194,Germany,Coal,52.541,13.349,140.0,1990.0,
195,Germany,Coal,53.059,8.873,274.0,2014.0,
196,Germany,Coal,53.202,8.516,427.0,1979.0,2016.0
197,Germany,Coal,53.203,8.518,350.0,1969.0,
198,Germany,Coal,53.49,9.949,1600.0,2014.0,
199,Germany,Coal,53.565,8.147,757.0,1976.0,
200,Germany,Coal,53.566,8.146,726.0,2015.0,
201,Germany,Coal,53.568,9.727,250.0,1965.0,
202,Germany,Coal,54.143,12.133,514.0,1994.0,
203,Germany,Coal,54.339,10.177,323.0,2008.0,
204,Greece,Coal,40.3941,21.9256,1595.0,1988.0,
205,Greece,Coal,40.6192,21.6832,600.0,1987.0,
206,Greece,Coal,40.8122,21.6027,330.0,2003.0,
207,Greece,Coal,40.4102,21.7856,1250.0,1978.0,
208,Greece,Coal,37.4174,22.1079,600.0,1979.0,
209,Greece,Coal,40.4809,21.7274,620.0,,
210,Ireland,Coal,52.608,-9.423,855.0,1985.0,
211,Hungary,Coal,47.0956,17.5584,60.0,1957.0,
212,Hungary,Coal,47.7886,20.066,884.0,1983.0,
213,Hungary,Coal,47.5017,18.2701,250.0,1962.0,
214,Italy,Coal,39.195,8.4,432.0,1966.0,
215,Italy,Coal,40.643,17.981,2420.0,1991.0,
216,Italy,Coal,40.852,8.299,534.0,1992.0,
217,Italy,Coal,42.128,11.758000000000001,1845.0,2009.0,
218,Italy,Coal,42.893,12.54,130.0,,
219,Italy,Coal,44.111,9.872,520.0,1999.0,
220,Italy,Coal,44.277,8.431,593.0,1971.0,
221,Italy,Coal,44.404,8.903,136.0,1960.0,2017.0
222,Italy,Coal,45.431,12.246,860.0,1970.0,
223,Italy,Coal,45.47,9.184,13.0,,
224,Italy,Coal,45.797,13.546,315.0,1965.0,
225,Netherlands,Coal,51.432,3.718,408.0,,2015.0
226,Netherlands,Coal,51.708,4.844,1254.0,1980.0,2015.0
227,Netherlands,Coal,51.944,4.067,535.0,1975.0,2017.0
228,Netherlands,Coal,51.944,4.067,535.0,1975.0,2017.0
229,Netherlands,Coal,51.944,4.067,1070.0,2014.0,
230,Netherlands,Coal,51.945,4.072,731.0,2013.0,
231,Netherlands,Coal,52.404,4.846,1090.0,1994.0,
232,Netherlands,Coal,53.448,6.859,1580.0,2014.0,
233,Poland,Coal,49.967,19.8,440.0,1961.0,2018.0
234,Poland,Coal,50.05,20.0,446.0,1977.0,
235,Poland,Coal,50.1,19.017,106.0,,
236,Poland,Coal,50.132999999999996,18.517,1790.0,1972.0,
237,Poland,Coal,50.134,18.846,250.0,1967.0,
238,Poland,Coal,50.134,18.846,905.0,1971.0,
239,Poland,Coal,50.199999999999996,19.2,1345.0,1977.0,
240,Poland,Coal,50.2,19.45,557.0,1962.0,
241,Poland,Coal,50.2,20.983,102.0,,
242,Poland,Coal,50.212,19.229,189.0,1997.0,
243,Poland,Coal,50.3,18.967,226.0,2003.0,
244,Poland,Coal,50.344,19.278,155.0,2001.0,
245,Poland,Coal,50.35,19.133,700.0,1966.0,
246,Poland,Coal,50.433,21.333,1657.0,1979.0,
247,Poland,Coal,50.483,18.717,53.4,,
248,Poland,Coal,50.533,19.05,135.0,,
249,Poland,Coal,50.55,22.067,250.0,1958.0,
250,Poland,Coal,50.752,17.882,1532.0,1993.0,
251,Poland,Coal,51.033,17.15,94.0,1981.0,
252,Poland,Coal,51.117,17.017,216.0,1899.0,
253,Poland,Coal,51.46,21.978,82.0,,
254,Poland,Coal,51.64999999999999,21.467,1821.0,1972.0,
255,Poland,Coal,51.65,21.467,2195.0,1978.0,
256,Poland,Coal,51.746,19.538,100.0,,
257,Poland,Coal,51.798,19.42,205.0,,
258,Poland,Coal,52.183,21.083,441.0,1961.0,
259,Poland,Coal,52.283,20.983,386.0,,
260,Poland,Coal,52.436,16.989,49.0,1985.0,
261,Poland,Coal,52.436,16.989,212.0,1991.0,
262,Poland,Coal,53.083,18.083,183.0,1929.0,
263,Poland,Coal,53.104000000000006,21.612,681.0,1972.0,
264,Poland,Coal,53.133,23.167,156.6,1991.0,
265,Poland,Coal,53.199999999999996,14.467,1362.0,1974.0,
266,Poland,Coal,53.383,14.517,134.2,1961.0,
267,Poland,Coal,53.399,18.397,211.0,,
268,Poland,Coal,53.567,14.533,100.4,,
269,Poland,Coal,54.378,18.642,217.3,1970.0,
270,Poland,Coal,54.553,18.481,105.2,1974.0,
271,Portugal,Coal,37.931,-8.807,1180.0,1985.0,
272,Portugal,Coal,39.47,-8.116,576.0,1993.0,
273,Romania,Coal,45.365,23.262,150.0,1964.0,
274,Romania,Coal,45.916,22.828,1000.0,1971.0,
275,Slovakia,Coal,48.553,21.973,220.0,1967.0,
276,Slovenia,Coal,46.058,14.5451,112.0,,
277,Slovenia,Coal,46.3723,15.0534,1099.0,,
278,Slovenia,Coal,46.1258,15.0611,110.0,,
279,Spain,Coal,36.184,-5.418,570.0,1985.0,
280,Spain,Coal,36.98,-1.904,562.0,1997.0,
281,Spain,Coal,36.98,-1.904,557.5,1985.0,
282,Spain,Coal,38.113,-4.933,299.7,1980.0,
283,Spain,Coal,38.688,-4.108,206.1,,2015.0
284,Spain,Coal,39.03,-3.441,296.4,,2016.0
285,Spain,Coal,40.985,-0.452,352.2,1979.0,
286,Spain,Coal,40.985,-0.452,352.1,1979.0,
287,Spain,Coal,40.985,-0.452,351.4,1980.0,
288,Spain,Coal,42.627,-6.563,341.1,1984.0,
289,Spain,Coal,42.627,-6.563,340.6,1984.0,
290,Spain,Coal,42.627,-6.563,138.3,1972.0,2020.0
291,Spain,Coal,42.627,-6.563,323.3,1972.0,
292,Spain,Coal,42.804,-5.627,355.1,1984.0,
293,Spain,Coal,42.804,-5.627,263.9,1971.0,
294,Spain,Coal,42.824,-6.486,346.8,1982.0,
295,Spain,Coal,42.828,-4.842,143.4,1967.0,
296,Spain,Coal,42.828,-4.842,342.4,1984.0,
297,Spain,Coal,43.078,-8.407,557.2,1980.0,
298,Spain,Coal,43.296,-5.681,347.7,1967.0,
299,Spain,Coal,43.312,-5.873,239.3,1967.0,2012.0
300,Spain,Coal,43.312,-5.873,346.2,1984.0,
301,Spain,Coal,43.337,-6.415,347.4,1984.0,
302,Spain,Coal,43.337,-6.415,154.3,1969.0,
303,Spain,Coal,43.452,-7.851,350.2,1978.0,
304,Spain,Coal,43.452,-7.851,350.8,1979.0,
305,Spain,Coal,43.452,-7.851,350.9,1976.0,
306,Spain,Coal,43.452,-7.851,351.0,1977.0,
307,Spain,Coal,43.538,-5.671,535.8,1985.0,
308,Spain,Coal,43.538,-5.671,341.7,1974.0,
309,Sweden,Coal,59.353,18.102,130.0,,
310,United Kingdom,Coal,51.387,-3.407,1590.0,1971.0,
311,United Kingdom,Coal,51.547,-2.965,363.0,1959.0,
312,United Kingdom,Coal,52.63,-2.513,1000.0,1969.0,
313,United Kingdom,Coal,52.754,-1.913,976.0,1972.0,2016.0
314,United Kingdom,Coal,52.862,-1.25,2020.0,1968.0,
315,United Kingdom,Coal,53.308,-0.775,2008.0,,
316,United Kingdom,Coal,53.361,-0.812,2012.0,,
317,United Kingdom,Coal,53.373,-2.688,1961.0,1971.0,
318,United Kingdom,Coal,53.714,-1.125,2100.0,1967.0,
319,United Kingdom,Coal,53.717,-1.282,1960.0,1966.0,2016.0
320,United Kingdom,Coal,53.737,-0.997,1935.0,1986.0,
321,United Kingdom,Coal,55.201,-1.539,399.0,1972.0,
322,United Kingdom,Coal,56.05,-3.681,2400.0,1972.0,2016.0
323,Austria,Gas_CCGT,46.933,15.517,838.0,2012.0,
324,Austria,Gas_CCGT,48.0,13.583,400.0,2008.0,
325,Austria,Gas_CCGT,48.167,16.433,1248.0,1992.0,
326,Austria,Gas_CCGT,48.183,16.45,395.0,2001.0,
327,Austria,Gas_CCGT,48.267,16.433,140.0,1975.0,
328,Austria,Gas_CCGT,48.299,14.324,153.0,,
329,Austria,Gas_CCGT,48.299,14.324,158.0,1993.0,
330,Austria,Gas_CCGT,48.299,14.324,253.8,1970.0,
331,Austria,Gas_CCGT,48.317,16.333,251.2,1958.0,
332,Austria,Gas_CCGT,48.383,15.7,1100.0,1974.0,
333,Belgium,Gas_CCGT,49.511,5.964,376.4,2002.0,
334,Belgium,Gas_CCGT,50.41,4.433,405.0,2011.0,
335,Belgium,Gas_CCGT,50.433,4.4,451.0,2010.0,
336,Belgium,Gas_CCGT,50.466,3.833,350.0,2001.0,
337,Belgium,Gas_CCGT,50.804,4.298,460.0,1899.0,
338,Belgium,Gas_CCGT,50.934,5.478,43.0,,
339,Belgium,Gas_CCGT,50.934,5.478,43.0,,
340,Belgium,Gas_CCGT,51.027,3.578,133.0,,
341,Belgium,Gas_CCGT,51.058,5.105,419.8,2011.0,
342,Belgium,Gas_CCGT,51.099,3.712,365.0,1998.0,
343,Belgium,Gas_CCGT,51.157,3.812,315.0,2010.0,
344,Belgium,Gas_CCGT,51.254,4.334,140.0,2009.0,
345,Belgium,Gas_CCGT,51.257,3.208,480.3,1998.0,
346,Belgium,Gas_CCGT,51.361,4.255,386.2,,
347,Bulgaria,Gas_CCGT,42.171,24.746,105.0,,
348,Bulgaria,Gas_CCGT,42.523,27.405,257.0,,
349,Croatia,Gas_CCGT,45.782,16.017,112.0,,
350,Czechia,Gas_CCGT,50.426,13.683,847.0,,
351,Denmark,Gas_CCGT,55.512,9.616,392.0,1997.0,
352,Denmark,Gas_CCGT,55.603,12.48,250.0,1990.0,
353,Denmark,Gas_CCGT,56.201,9.558,108.2,,
354,Estonia,Gas_CCGT,59.244,24.704,110.0,,
355,Estonia,Gas_CCGT,59.244,24.704,140.0,,
356,Estonia,Gas_CCGT,59.452,24.925,173.0,,
357,Finland,Gas_CCGT,60.149,24.718,354.0,1981.0,
358,Finland,Gas_CCGT,60.22,25.173,480.0,1991.0,
359,Finland,Gas_CCGT,60.282,24.837,167.0,,
360,Finland,Gas_CCGT,61.51,23.675,142.0,,
361,Finland,Gas_CCGT,61.51,23.777,81.0,,
362,France,Gas_CCGT,43.38,5.04,465.0,2012.0,
363,France,Gas_CCGT,43.38,5.04,465.0,2013.0,
364,France,Gas_CCGT,43.45,4.9,425.0,2010.0,
365,France,Gas_CCGT,43.45,4.9,428.0,2009.0,
366,France,Gas_CCGT,43.45,4.9,62.0,2009.0,
367,France,Gas_CCGT,46.25,3.27,401.0,2011.0,
368,France,Gas_CCGT,47.32,-2.14,435.0,2010.0,
369,France,Gas_CCGT,47.32,-2.14,45.0,,
370,France,Gas_CCGT,48.68,5.89,413.0,2013.0,
371,France,Gas_CCGT,48.92,6.05,427.0,1969.0,
372,France,Gas_CCGT,48.93,2.29,203.0,,
373,France,Gas_CCGT,49.12,6.71,413.0,1959.0,
374,France,Gas_CCGT,49.12,6.71,413.0,1981.0,
375,France,Gas_CCGT,49.48,0.22,120.0,,
376,France,Gas_CCGT,49.48,0.22,120.0,,
377,France,Gas_CCGT,50.23,3.84,412.0,2009.0,
378,France,Gas_CCGT,50.28,3.31,585.0,2016.0,
379,France,Gas_CCGT,51.03,2.36,796.0,2005.0,
380,Germany,Gas_CCGT,48.114,11.556,400.0,1980.0,
381,Germany,Gas_CCGT,48.114,11.556,216.0,1980.0,
382,Germany,Gas_CCGT,48.182,12.85,120.0,1979.0,
383,Germany,Gas_CCGT,48.767,11.582,1822.0,1974.0,
384,Germany,Gas_CCGT,48.801,12.868,120.0,,
385,Germany,Gas_CCGT,49.015,8.304,353.0,1998.0,
386,Germany,Gas_CCGT,49.021,9.158,234.0,2005.0,
387,Germany,Gas_CCGT,49.225,7.016,125.0,1989.0,
388,Germany,Gas_CCGT,49.421,11.008,823.0,1973.0,
389,Germany,Gas_CCGT,49.439,11.061,181.0,2005.0,
390,Germany,Gas_CCGT,49.453,8.433,345.0,1997.0,
391,Germany,Gas_CCGT,49.453,8.433,412.0,1997.0,
392,Germany,Gas_CCGT,50.029,8.237,785.0,1977.0,
393,Germany,Gas_CCGT,50.086,8.628,70.0,2004.0,
394,Germany,Gas_CCGT,50.091,8.954,1132.0,1977.0,
395,Germany,Gas_CCGT,50.098,8.654,267.0,1994.0,
396,Germany,Gas_CCGT,50.859,6.841,784.0,2013.0,
397,Germany,Gas_CCGT,50.859,6.841,426.0,2013.0,
398,Germany,Gas_CCGT,50.974,6.991,866.0,2005.0,
399,Germany,Gas_CCGT,51.017,6.963,110.0,2004.0,
400,Germany,Gas_CCGT,51.042,13.708,260.0,1995.0,
401,Germany,Gas_CCGT,51.08,6.828,586.0,2000.0,
402,Germany,Gas_CCGT,51.222,6.732,995.0,1974.0,
403,Germany,Gas_CCGT,51.352,12.377,167.0,1996.0,
404,Germany,Gas_CCGT,51.376,6.724,600.0,1975.0,
405,Germany,Gas_CCGT,51.404,7.415,424.0,2007.0,
406,Germany,Gas_CCGT,51.412,7.492,250.0,,
407,Germany,Gas_CCGT,51.46,6.730999999999999,320.0,1955.0,
408,Germany,Gas_CCGT,51.492,6.727,385.0,1958.0,
409,Germany,Gas_CCGT,51.616,7.478,850.0,2008.0,
410,Germany,Gas_CCGT,51.675000000000004,7.717,2003.0,1972.0,2017.0
411,Germany,Gas_CCGT,52.230000000000004,13.301,300.0,1987.0,2016.0
412,Germany,Gas_CCGT,52.399,9.681,100.0,,
413,Germany,Gas_CCGT,52.42,9.648,460.0,2013.0,
414,Germany,Gas_CCGT,52.442,13.453,288.0,1972.0,
415,Germany,Gas_CCGT,52.481,7.306,1820.0,1974.0,
416,Germany,Gas_CCGT,52.512,13.421,444.0,1996.0,
417,Germany,Gas_CCGT,52.525,13.315,213.0,1975.0,
418,Germany,Gas_CCGT,52.59,13.558,152.0,,
419,Germany,Gas_CCGT,53.129,8.686,176.0,2016.0,
420,Germany,Gas_CCGT,53.129,8.686,450.0,2016.0,
421,Germany,Gas_CCGT,53.19,8.409,321.0,1978.0,
422,Germany,Gas_CCGT,53.525,10.071,316.0,1993.0,
423,Greece,Gas_CCGT,37.747,24.068,550.0,1997.0,
424,Greece,Gas_CCGT,37.747,24.068,378.0,2006.0,
425,Greece,Gas_CCGT,37.747,24.068,173.0,,2014.0
426,Greece,Gas_CCGT,37.924,23.072,433.0,2011.0,
427,Greece,Gas_CCGT,37.954,23.61,151.0,1968.0,2016.0
428,Greece,Gas_CCGT,37.954,23.61,188.0,1971.0,2011.0
429,Greece,Gas_CCGT,38.239,22.95,410.0,2010.0,
430,Greece,Gas_CCGT,38.28,23.327,422.0,2010.0,
431,Greece,Gas_CCGT,38.28,23.327,49.0,2004.0,
432,Greece,Gas_CCGT,38.28,23.327,49.0,2004.0,
433,Greece,Gas_CCGT,38.28,23.327,49.0,2004.0,
434,Greece,Gas_CCGT,38.357,22.689,334.0,2007.0,
435,Greece,Gas_CCGT,38.357,22.689,432.0,2011.0,
436,Greece,Gas_CCGT,38.39,24.052,417.0,,
437,Greece,Gas_CCGT,40.687,22.885,400.0,2005.0,
438,Greece,Gas_CCGT,41.064,25.49,476.0,2001.0,
439,Ireland,Gas_CCGT,51.82,-8.247,435.0,2010.0,
440,Ireland,Gas_CCGT,51.836,-8.231,985.0,1980.0,
441,Ireland,Gas_CCGT,51.9,-8.446,95.0,1979.0,
442,Ireland,Gas_CCGT,52.621,-9.066,166.0,,
443,Ireland,Gas_CCGT,53.167,-8.382,404.0,2006.0,
444,Ireland,Gas_CCGT,53.29,-7.086,112.0,2010.0,
445,Ireland,Gas_CCGT,53.339,-6.187,463.0,1994.0,
446,Ireland,Gas_CCGT,53.34,-6.205,405.0,2002.0,
447,Ireland,Gas_CCGT,53.35,-6.21,271.0,1982.0,2010.0
448,Ireland,Gas_CCGT,53.359,-7.211,104.0,2004.0,
449,Ireland,Gas_CCGT,53.406,-6.345,12.0,,
450,Ireland,Gas_CCGT,53.41,-6.326,744.0,2002.0,
451,Ireland,Gas_CCGT,54.194,-9.22,104.0,2006.0,
452,Hungary,Gas_CCGT,47.095,17.556,114.0,,
453,Hungary,Gas_CCGT,47.32800000000001,18.918000000000003,841.0,1974.0,
454,Hungary,Gas_CCGT,47.335,19.022,49.0,,
455,Hungary,Gas_CCGT,47.428,19.052,402.0,2000.0,
456,Hungary,Gas_CCGT,47.458,19.164,109.0,2004.0,
457,Hungary,Gas_CCGT,47.462,19.056,27.3,1995.0,
458,Hungary,Gas_CCGT,47.464,19.056,173.0,,
459,Hungary,Gas_CCGT,47.519,21.63,95.0,2001.0,
460,Hungary,Gas_CCGT,47.548,19.073,63.1,,
461,Hungary,Gas_CCGT,47.554,19.103,102.0,2002.0,
462,Hungary,Gas_CCGT,47.56,18.427,43.0,,
463,Hungary,Gas_CCGT,47.738,17.803,427.0,2011.0,
464,Hungary,Gas_CCGT,47.917,21.076,864.0,1977.0,
465,Hungary,Gas_CCGT,47.957,21.699,47.0,2007.0,
466,Hungary,Gas_CCGT,48.095,20.742,107.6,,
467,Hungary,Gas_CCGT,48.26,20.638,58.1,,
468,Italy,Gas_CCGT,37.129,15.202,61.0,,
469,Italy,Gas_CCGT,37.129,15.202,544.0,1998.0,
470,Italy,Gas_CCGT,37.139,15.216,744.0,2002.0,
471,Italy,Gas_CCGT,37.139,15.216,43.0,,
472,Italy,Gas_CCGT,37.179,15.182,890.0,2010.0,
473,Italy,Gas_CCGT,37.221,15.179,44.0,,
474,Italy,Gas_CCGT,37.969,13.748,1221.0,,
475,Italy,Gas_CCGT,38.0,12.567,212.0,,
476,Italy,Gas_CCGT,38.197,15.267,152.0,,
477,Italy,Gas_CCGT,38.433,15.981,768.0,2008.0,
478,Italy,Gas_CCGT,38.876,16.657,885.0,2008.0,
479,Italy,Gas_CCGT,39.078,9.019,630.0,2000.0,
480,Italy,Gas_CCGT,39.102,17.116,821.0,2010.0,
481,Italy,Gas_CCGT,39.619,16.603,224.0,1976.0,
482,Italy,Gas_CCGT,39.711,16.215,808.0,2006.0,
483,Italy,Gas_CCGT,40.247,9.623,38.0,,
484,Italy,Gas_CCGT,40.314,15.898,12.0,,
485,Italy,Gas_CCGT,40.484,17.185,66.0,,
486,Italy,Gas_CCGT,40.484,17.185,38.0,,
487,Italy,Gas_CCGT,40.484,17.185,400.0,,
488,Italy,Gas_CCGT,40.504,17.203,450.0,,
489,Italy,Gas_CCGT,40.553,14.222,5.0,,
490,Italy,Gas_CCGT,40.643,17.981,1260.0,2005.0,
491,Italy,Gas_CCGT,40.648,14.409,41.0,,
492,Italy,Gas_CCGT,40.834,14.301,400.0,2008.0,
493,Italy,Gas_CCGT,40.934,14.39,105.0,1899.0,
494,Italy,Gas_CCGT,40.939,14.368,75.0,,
495,Italy,Gas_CCGT,41.009,14.23,404.0,1997.0,
496,Italy,Gas_CCGT,41.085,16.786,810.0,2010.0,
497,Italy,Gas_CCGT,41.176,14.101,784.0,2007.0,
498,Italy,Gas_CCGT,41.202,15.476,401.0,2005.0,
499,Italy,Gas_CCGT,41.498,13.781,12.0,,
500,Italy,Gas_CCGT,41.58,12.657,787.0,2012.0,
501,Italy,Gas_CCGT,41.658,15.424,421.0,2011.0,
502,Italy,Gas_CCGT,41.719,13.613,42.0,,
503,Italy,Gas_CCGT,41.736,12.97,44.0,,
504,Italy,Gas_CCGT,41.741,15.054,11.0,,
505,Italy,Gas_CCGT,41.8,12.246,10.0,,
506,Italy,Gas_CCGT,41.812,12.423,109.0,1997.0,2017.0
507,Italy,Gas_CCGT,41.813,12.424,18.0,,
508,Italy,Gas_CCGT,41.937,15.001,769.0,1997.0,
509,Italy,Gas_CCGT,42.046,13.547,175.0,,
510,Italy,Gas_CCGT,42.05,14.563,840.0,2008.0,
511,Italy,Gas_CCGT,42.121,11.768,1488.0,1973.0,
512,Italy,Gas_CCGT,42.2,13.84,122.0,1995.0,
513,Italy,Gas_CCGT,42.364,11.542,934.0,1997.0,
514,Italy,Gas_CCGT,42.498,12.474,56.0,,
515,Italy,Gas_CCGT,42.553,12.619,95.0,2000.0,
516,Italy,Gas_CCGT,42.913,10.823,11.0,,
517,Italy,Gas_CCGT,42.926,10.526,58.0,,
518,Italy,Gas_CCGT,42.941,10.544,181.0,,
519,Italy,Gas_CCGT,42.993,12.2,365.0,2003.0,
520,Italy,Gas_CCGT,43.058,11.606,137.0,,
521,Italy,Gas_CCGT,43.367,10.45,325.0,2007.0,
522,Italy,Gas_CCGT,43.367,10.45,380.0,,
523,Italy,Gas_CCGT,43.55,13.286,140.0,2000.0,
524,Italy,Gas_CCGT,43.563,11.478,391.0,2006.0,
525,Italy,Gas_CCGT,43.622,13.374,240.0,2001.0,
526,Italy,Gas_CCGT,43.823,10.602,102.0,1996.0,
527,Italy,Gas_CCGT,44.024,10.114,31.0,,
528,Italy,Gas_CCGT,44.078,10.04,11.0,,
529,Italy,Gas_CCGT,44.277,8.431,760.0,2007.0,
530,Italy,Gas_CCGT,44.37,11.704,86.0,,
531,Italy,Gas_CCGT,44.384,7.543,48.0,,
532,Italy,Gas_CCGT,44.384,7.543,27.0,,
533,Italy,Gas_CCGT,44.44899999999999,12.237,895.0,1899.0,
534,Italy,Gas_CCGT,44.484,12.266,742.0,2002.0,
535,Italy,Gas_CCGT,44.594,7.485,140.0,2002.0,
536,Italy,Gas_CCGT,44.703,8.027,50.0,,
537,Italy,Gas_CCGT,44.824,10.376,35.0,,
538,Italy,Gas_CCGT,44.85,11.583,700.0,2006.0,
539,Italy,Gas_CCGT,44.941,8.607,174.0,1979.0,2014.0
540,Italy,Gas_CCGT,44.983,11.269,1151.0,2004.0,
541,Italy,Gas_CCGT,44.995,7.676,780.0,2005.0,
542,Italy,Gas_CCGT,45.022,11.311,54.0,,
543,Italy,Gas_CCGT,45.029,8.973,381.0,2005.0,
544,Italy,Gas_CCGT,45.04,12.219,134.0,,
545,Italy,Gas_CCGT,45.05,9.7,806.0,2006.0,
546,Italy,Gas_CCGT,45.052,9.508,180.0,1998.0,2017.0
547,Italy,Gas_CCGT,45.053,11.139,1124.0,2002.0,
548,Italy,Gas_CCGT,45.056,12.056,15.0,,
549,Italy,Gas_CCGT,45.072,7.679,395.0,,
550,Italy,Gas_CCGT,45.074,6.696,18.0,,
551,Italy,Gas_CCGT,45.09,9.479,1407.0,2002.0,
552,Italy,Gas_CCGT,45.099,8.868,1000.0,2004.0,
553,Italy,Gas_CCGT,45.162,7.751,380.0,2007.0,
554,Italy,Gas_CCGT,45.167,10.8,750.0,2005.0,
555,Italy,Gas_CCGT,45.205,9.674,800.0,2011.0,
556,Italy,Gas_CCGT,45.237,8.193,804.0,2008.0,
557,Italy,Gas_CCGT,45.297,8.41,50.0,,
558,Italy,Gas_CCGT,45.335,9.428,1150.0,2005.0,
559,Italy,Gas_CCGT,45.391,7.781,15.0,,
560,Italy,Gas_CCGT,45.399,10.715,400.0,1983.0,
561,Italy,Gas_CCGT,45.416,9.284,61.0,,
562,Italy,Gas_CCGT,45.434,10.998,11.0,,
563,Italy,Gas_CCGT,45.437,9.169,19.0,,
564,Italy,Gas_CCGT,45.446,12.255,753.0,1964.0,
565,Italy,Gas_CCGT,45.452,9.276,18.0,,
566,Italy,Gas_CCGT,45.457,8.65,97.0,,
567,Italy,Gas_CCGT,45.462,12.238,236.0,,
568,Italy,Gas_CCGT,45.463,8.829,88.0,,
569,Italy,Gas_CCGT,45.512,9.51,748.0,2003.0,
570,Italy,Gas_CCGT,45.527,8.728,1079.0,1970.0,
571,Italy,Gas_CCGT,45.529,9.279,53.0,,2017.0
572,Italy,Gas_CCGT,45.615,8.402,18.0,,
573,Italy,Gas_CCGT,45.62,8.74,80.0,,
574,Italy,Gas_CCGT,45.651,13.767,45.0,2001.0,
575,Italy,Gas_CCGT,45.756,12.314,5.0,,
576,Italy,Gas_CCGT,45.793,13.583,120.0,,
577,Italy,Gas_CCGT,45.817,13.29,830.0,2006.0,
578,Italy,Gas_CCGT,45.884,10.842,55.0,,
579,Italy,Gas_CCGT,46.073,12.036,10.0,,
580,Italy,Gas_CCGT,46.075,11.122,29.0,,
581,Latvia,Gas_CCGT,56.916,24.274,441.0,1975.0,
582,Latvia,Gas_CCGT,56.916,24.274,440.0,2009.0,
583,Latvia,Gas_CCGT,56.99,24.187,144.0,2006.0,
584,Lithuania,Gas_CCGT,54.667,25.152,360.0,,
585,Lithuania,Gas_CCGT,54.78099999999999,24.644,1645.0,1899.0,2016.0
586,Lithuania,Gas_CCGT,54.906,24.027,110.0,1976.0,
587,Luxembourg,Gas_CCGT,49.5119,5.9646,385.0,,
588,Netherlands,Gas_CCGT,50.985,5.797,209.0,1999.0,
589,Netherlands,Gas_CCGT,51.154,5.908,1914.0,1977.0,2018.0
590,Netherlands,Gas_CCGT,51.336,3.797,456.0,1998.0,
591,Netherlands,Gas_CCGT,51.448,3.693,432.0,2009.0,
592,Netherlands,Gas_CCGT,51.449,3.693,432.0,2009.0,
593,Netherlands,Gas_CCGT,51.685,4.581,766.0,1997.0,2017.0
594,Netherlands,Gas_CCGT,51.886,4.355,840.0,2004.0,
595,Netherlands,Gas_CCGT,51.89,4.355,426.0,,
596,Netherlands,Gas_CCGT,51.891,4.342,130.0,,
597,Netherlands,Gas_CCGT,51.891,4.342,130.0,,
598,Netherlands,Gas_CCGT,51.893,4.347,790.0,,
599,Netherlands,Gas_CCGT,51.958,4.094,844.0,2011.0,
600,Netherlands,Gas_CCGT,51.969,4.558,220.0,1996.0,
601,Netherlands,Gas_CCGT,52.076,4.291,112.0,2008.0,
602,Netherlands,Gas_CCGT,52.102,5.079,224.0,1978.0,
603,Netherlands,Gas_CCGT,52.102,5.079,103.0,1978.0,
604,Netherlands,Gas_CCGT,52.102,5.079,247.0,1976.0,
605,Netherlands,Gas_CCGT,52.339,5.02,684.0,1995.0,
606,Netherlands,Gas_CCGT,52.475,4.618,869.0,1974.0,
607,Netherlands,Gas_CCGT,52.577,5.53,435.0,2010.0,
608,Netherlands,Gas_CCGT,52.577,5.53,437.0,2010.0,
609,Netherlands,Gas_CCGT,53.21,6.03,131.0,,
610,Netherlands,Gas_CCGT,53.43699999999999,6.881,1410.0,2013.0,
611,Netherlands,Gas_CCGT,53.437,6.881,360.0,1996.0,
612,Netherlands,Gas_CCGT,53.437,6.881,359.0,1996.0,
613,Netherlands,Gas_CCGT,53.437,6.881,361.0,1995.0,
614,Netherlands,Gas_CCGT,53.437,6.881,359.0,1995.0,
615,Netherlands,Gas_CCGT,53.437,6.881,359.0,1995.0,
616,Norway,Gas_CCGT,59.275,5.506,420.0,,
617,Norway,Gas_CCGT,59.839,10.857,31.0,,2016.0
618,Norway,Gas_CCGT,60.226,10.34,0.6,,
619,Norway,Gas_CCGT,60.431,6.429,12.7,,2016.0
620,Norway,Gas_CCGT,60.815,5.033,328.0,,
621,Norway,Gas_CCGT,60.85199999999999,11.274,17.5,,2016.0
622,Norway,Gas_CCGT,62.839,6.924,215.10000000000002,,
623,Norway,Gas_CCGT,63.321,9.883,31.0,,2016.0
624,Norway,Gas_CCGT,63.409,8.686,166.60000000000002,,
625,Norway,Gas_CCGT,63.409,8.686,37.5,,2016.0
626,Norway,Gas_CCGT,69.236,18.094,48.900000000000006,,2016.0
627,Norway,Gas_CCGT,71.569,21.226,230.0,,
628,Poland,Gas_CCGT,50.067,22.067,101.0,,
629,Poland,Gas_CCGT,50.317,22.317,128.9,2000.0,
630,Poland,Gas_CCGT,50.34,19.331,113.6,,
631,Poland,Gas_CCGT,50.35,18.283,158.0,,
632,Poland,Gas_CCGT,51.216,22.558,231.0,2002.0,
633,Poland,Gas_CCGT,51.95,15.483,125.0,2004.0,
634,Poland,Gas_CCGT,52.588,19.678,630.0,,
635,Poland,Gas_CCGT,52.706,18.965,485.0,2017.0,
636,Poland,Gas_CCGT,52.75,15.27,138.0,,
637,Poland,Gas_CCGT,53.055,18.69,100.6,,
638,Portugal,Gas_CCGT,39.011,-8.95,1176.0,2005.0,
639,Portugal,Gas_CCGT,39.47,-8.116,836.0,,
640,Portugal,Gas_CCGT,40.144,-8.806,826.0,2009.0,
641,Portugal,Gas_CCGT,41.068,-8.457,990.0,,
642,Romania,Gas_CCGT,44.373,26.107,184.0,,
643,Romania,Gas_CCGT,44.406,26.156,392.0,1967.0,
644,Romania,Gas_CCGT,44.423,25.979,297.7,1975.0,
645,Romania,Gas_CCGT,44.864,26.019,196.0,,
646,Romania,Gas_CCGT,44.864,26.019,885.0,2011.0,
647,Romania,Gas_CCGT,45.165,27.924,437.0,,
648,Romania,Gas_CCGT,45.435,27.982,288.0,1899.0,
649,Romania,Gas_CCGT,46.248,26.837,194.0,,
650,Romania,Gas_CCGT,46.46800000000001,24.186000000000003,763.4000000000001,1963.0,
651,Slovakia,Gas_CCGT,48.17,17.159,158.0,1998.0,
652,Slovakia,Gas_CCGT,48.458,17.69,419.6,2010.0,
653,Slovenia,Gas_CCGT,45.998,15.48,297.0,1943.0,
654,Spain,Gas_CCGT,36.184,-5.388000000000001,820.5,2011.0,
655,Spain,Gas_CCGT,36.185,-5.391,387.9,2004.0,
656,Spain,Gas_CCGT,36.185,-5.391,392.6,2004.0,
657,Spain,Gas_CCGT,36.2,-5.413,389.8,2002.0,
658,Spain,Gas_CCGT,36.2,-5.413,401.8,2002.0,
659,Spain,Gas_CCGT,36.675,-5.815,389.2,2005.0,
660,Spain,Gas_CCGT,36.675,-5.815,373.2,2005.0,
661,Spain,Gas_CCGT,36.675,-5.815,822.8000000000001,2006.0,
662,Spain,Gas_CCGT,36.75,-4.56,415.5,2011.0,
663,Spain,Gas_CCGT,37.186,-6.886,386.7,2004.0,
664,Spain,Gas_CCGT,37.186,-6.886,391.0,2005.0,
665,Spain,Gas_CCGT,37.186,-6.886,389.1,2005.0,
666,Spain,Gas_CCGT,37.191,-6.944,390.9,2006.0,
667,Spain,Gas_CCGT,37.606,-0.985,402.6,2006.0,
668,Spain,Gas_CCGT,37.606,-0.985,418.2,2006.0,
669,Spain,Gas_CCGT,37.606,-0.985,417.8,2006.0,
670,Spain,Gas_CCGT,37.606,-0.985,412.7,2006.0,
671,Spain,Gas_CCGT,37.606,-0.985,395.2,2006.0,
672,Spain,Gas_CCGT,37.606,-0.985,401.3,2006.0,
673,Spain,Gas_CCGT,38.679,-4.056,80.5,,
674,Spain,Gas_CCGT,39.678,-0.28,409.7,2007.0,
675,Spain,Gas_CCGT,39.678,-0.28,410.6,2007.0,
676,Spain,Gas_CCGT,39.678,-0.28,411.8,2007.0,
677,Spain,Gas_CCGT,39.943,-3.856,386.0,2005.0,
678,Spain,Gas_CCGT,39.945,-3.853,372.6,2006.0,
679,Spain,Gas_CCGT,39.958,-0.006000000000000001,839.3,2008.0,
680,Spain,Gas_CCGT,39.958,-0.006000000000000001,782.0,2002.0,
681,Spain,Gas_CCGT,40.96,0.865,414.0,2007.0,
682,Spain,Gas_CCGT,40.96,0.865,420.1,2007.0,
683,Spain,Gas_CCGT,41.106,1.172,385.8,2003.0,
684,Spain,Gas_CCGT,41.106,1.172,416.9,2004.0,
685,Spain,Gas_CCGT,41.216,-0.295,790.6,2006.0,
686,Spain,Gas_CCGT,41.256,1.651,505.5,,2015.0
687,Spain,Gas_CCGT,41.281,-0.218,274.6,,
688,Spain,Gas_CCGT,41.289,-0.321,804.3,2007.0,
689,Spain,Gas_CCGT,41.297,-0.34,815.5999999999999,2006.0,
690,Spain,Gas_CCGT,41.338,2.16,431.4,2011.0,
691,Spain,Gas_CCGT,41.338,2.16,434.8,2011.0,
692,Spain,Gas_CCGT,41.467,2.253,399.7,2002.0,
693,Spain,Gas_CCGT,41.467,2.253,411.9,2002.0,
694,Spain,Gas_CCGT,41.467,2.253,859.0,2011.0,
695,Spain,Gas_CCGT,41.67,-0.869,189.2,,
696,Spain,Gas_CCGT,41.673,-3.68,139.4,,
697,Spain,Gas_CCGT,42.174,-1.69,424.9,2002.0,
698,Spain,Gas_CCGT,42.174,-1.69,378.9,2008.0,
699,Spain,Gas_CCGT,42.174,-1.69,418.4,2003.0,
700,Spain,Gas_CCGT,42.437,-2.25,390.0,2005.0,
701,Spain,Gas_CCGT,42.437,-2.25,394.6,2005.0,
702,Spain,Gas_CCGT,43.25300000000001,-2.734,786.4,2005.0,
703,Spain,Gas_CCGT,43.312,-5.873,426.0,2008.0,
704,Spain,Gas_CCGT,43.312,-5.873,428.1,2011.0,
705,Spain,Gas_CCGT,43.316,-8.478,391.3,2008.0,
706,Spain,Gas_CCGT,43.324,-3.104,80.9,,
707,Spain,Gas_CCGT,43.339,3.05,396.4,2005.0,
708,Spain,Gas_CCGT,43.362,-3.092,785.3000000000001,2003.0,
709,Spain,Gas_CCGT,43.452,-7.851,855.5999999999999,2008.0,
710,Sweden,Gas_CCGT,55.626,13.04,448.0,2009.0,
711,Sweden,Gas_CCGT,57.729,12.929,250.0,2006.0,
712,United Kingdom,Gas_CCGT,50.388,-4.017,905.0,2009.0,
713,United Kingdom,Gas_CCGT,50.396,-4.9,140.0,1996.0,
714,United Kingdom,Gas_CCGT,50.818,-1.329,150.0,,
715,United Kingdom,Gas_CCGT,50.83,-0.232,420.0,,
716,United Kingdom,Gas_CCGT,50.898,-1.438,920.0,2009.0,
717,United Kingdom,Gas_CCGT,51.409,-3.229,245.0,1998.0,
718,United Kingdom,Gas_CCGT,51.414,0.56,805.0,2001.0,
719,United Kingdom,Gas_CCGT,51.438,0.689,700.0,1995.0,
720,United Kingdom,Gas_CCGT,51.443999999999996,0.713,1365.0,2010.0,
721,United Kingdom,Gas_CCGT,51.444,0.713,58.0,2010.0,
722,United Kingdom,Gas_CCGT,51.512,0.511,800.0,2001.0,
723,United Kingdom,Gas_CCGT,51.52,-2.65,1258.0,2000.0,
724,United Kingdom,Gas_CCGT,51.52,0.146,1000.0,1995.0,
725,United Kingdom,Gas_CCGT,51.546,-0.258,144.0,1979.0,
726,United Kingdom,Gas_CCGT,51.547,-2.965,850.0,2010.0,
727,United Kingdom,Gas_CCGT,51.615,-3.828,552.0,2003.0,
728,United Kingdom,Gas_CCGT,51.622,-1.261,1490.0,1997.0,
729,United Kingdom,Gas_CCGT,51.661,-0.023,408.0,1999.0,
730,United Kingdom,Gas_CCGT,51.68399999999999,-5.0,2305.0,2011.0,
731,United Kingdom,Gas_CCGT,51.762,0.009,715.0,1993.0,
732,United Kingdom,Gas_CCGT,52.205,-0.267,735.0,1995.0,
733,United Kingdom,Gas_CCGT,52.51,-0.681,401.0,1994.0,
734,United Kingdom,Gas_CCGT,52.577,-0.204,405.0,1993.0,
735,United Kingdom,Gas_CCGT,52.585,1.732,420.0,2002.0,
736,United Kingdom,Gas_CCGT,52.727,0.38,340.0,1997.0,
737,United Kingdom,Gas_CCGT,52.754,-1.913,50.0,,2015.0
738,United Kingdom,Gas_CCGT,52.757,0.192,819.0,1999.0,
739,United Kingdom,Gas_CCGT,52.808,-0.132,903.0,2004.0,
740,United Kingdom,Gas_CCGT,52.862,-1.25,34.0,,
741,United Kingdom,Gas_CCGT,52.912,-1.414,236.0,1995.0,
742,United Kingdom,Gas_CCGT,53.078,-0.865,1828.0,2011.0,
743,United Kingdom,Gas_CCGT,53.214,-2.984,260.0,1994.0,
744,United Kingdom,Gas_CCGT,53.227,-3.074,1500.0,1997.0,
745,United Kingdom,Gas_CCGT,53.308,-0.775,440.0,1899.0,
746,United Kingdom,Gas_CCGT,53.328,-2.757,830.0,1998.0,
747,United Kingdom,Gas_CCGT,53.361,-0.812,40.0,,
748,United Kingdom,Gas_CCGT,53.361,-0.8119999999999999,1360.0,2012.0,
749,United Kingdom,Gas_CCGT,53.373,-2.688,34.0,,
750,United Kingdom,Gas_CCGT,53.436,-2.408,910.0,2016.0,
751,United Kingdom,Gas_CCGT,53.541,-0.507,268.0,1993.0,
752,United Kingdom,Gas_CCGT,53.594,-0.75,30.0,1996.0,
753,United Kingdom,Gas_CCGT,53.594,-0.75,764.0,1996.0,
754,United Kingdom,Gas_CCGT,53.602,-0.145,580.0,1999.0,
755,United Kingdom,Gas_CCGT,53.602,-0.145,810.0,1997.0,
756,United Kingdom,Gas_CCGT,53.637,-0.239,1240.0,2004.0,
757,United Kingdom,Gas_CCGT,53.653,-0.255,1000.0,1993.0,
758,United Kingdom,Gas_CCGT,53.653,-0.255,680.0,1994.0,
759,United Kingdom,Gas_CCGT,53.717,-1.282,34.0,,2015.0
760,United Kingdom,Gas_CCGT,53.737,-0.239,1200.0,2001.0,
761,United Kingdom,Gas_CCGT,53.737,-0.997,96.0,,
762,United Kingdom,Gas_CCGT,54.105,-3.19,229.0,1991.0,
763,United Kingdom,Gas_CCGT,54.417,-3.489,180.0,1899.0,
764,United Kingdom,Gas_CCGT,54.845,-5.786,494.0,2003.0,
765,United Kingdom,Gas_CCGT,55.044,-7.245,478.0,2005.0,
766,United Kingdom,Gas_CCGT,56.01,-3.692,144.0,,
767,United Kingdom,Gas_CCGT,57.478,-1.788,1840.0,1899.0,
768,Denmark,Geothermal,55.6899,12.633,14.0,,
769,France,Geothermal,16.1272,-61.769,4.5,,
770,Italy,Geothermal,40.838,14.253,15.0,2000.0,
771,Italy,Geothermal,42.057,12.625,11.0,2002.0,
772,Italy,Geothermal,42.236,10.867,114.0,1981.0,
773,Italy,Geothermal,42.469,13.565,20.0,1996.0,
774,Italy,Geothermal,42.847,11.568,39.0,1998.0,
775,Italy,Geothermal,42.847,11.568,20.0,1998.0,
776,Italy,Geothermal,42.85,11.687,20.0,1990.0,
777,Italy,Geothermal,42.85,11.687,20.0,1990.0,
778,Italy,Geothermal,42.85,11.687,20.0,1990.0,
779,Italy,Geothermal,43.069,12.819,20.0,1996.0,
780,Italy,Geothermal,43.164,10.777,20.0,2002.0,
781,Italy,Geothermal,43.165,10.616,18.0,1987.0,
782,Italy,Geothermal,43.168,11.007,20.0,2002.0,
783,Italy,Geothermal,43.168,11.007,39.0,2002.0,
784,Italy,Geothermal,43.189,11.139,17.0,2010.0,
785,Italy,Geothermal,43.19,10.732,17.0,1997.0,
786,Italy,Geothermal,43.19,10.732,17.0,1997.0,
787,Italy,Geothermal,43.219,10.812,49.0,2002.0,
788,Italy,Geothermal,43.231,13.356,18.0,1986.0,
789,Italy,Geothermal,43.231,13.356,18.0,1986.0,
790,Italy,Geothermal,43.238,10.887,17.0,2005.0,
791,Italy,Geothermal,43.239,10.905,55.0,1995.0,
792,Italy,Geothermal,43.261,11.044,59.0,2002.0,
793,Italy,Geothermal,43.481,10.444,19.0,2002.0,
794,Italy,Geothermal,43.796,11.183,19.0,1997.0,
795,Italy,Geothermal,43.796,11.183,19.0,1997.0,
796,Italy,Geothermal,44.292,9.674,18.0,2002.0,
797,Italy,Geothermal,44.299,10.699,17.0,1994.0,
798,Italy,Geothermal,45.078,7.716,17.0,,
799,Italy,Geothermal,45.519,10.355,18.0,2002.0,
800,Italy,Geothermal,45.558,10.049,39.0,2005.0,
801,Italy,Geothermal,45.605,10.635,11.0,,
802,Italy,Geothermal,46.557,11.784,19.0,1999.0,
803,Portugal,Geothermal,37.7789,-25.4904,13.0,2006.0,
804,Portugal,Geothermal,37.8011,-25.5053,15.8,1994.0,
805,Germany,Lignite,52.16,10.967,352.0,1985.0,
806,Germany,Lignite,50.894,6.791,113.0,1959.0,
807,Germany,Lignite,51.055,6.576,580.0,1966.0,2017.0
808,Germany,Lignite,50.861,6.843,151.0,,2015.0
809,Germany,Lignite,51.038000000000004,6.616,4212.0,1972.0,
810,Germany,Lignite,50.971,6.667000000000001,3398.0,1965.0,2018.0
811,Germany,Lignite,50.833000000000006,6.3149999999999995,2387.0,1965.0,
812,Germany,Lignite,51.416,14.564,2470.0,1979.0,
813,Germany,Lignite,51.834,14.455,2998.0,1981.0,
814,Germany,Lignite,52.489,13.497,164.0,1927.0,
815,Germany,Lignite,51.178,12.378,1782.0,1999.0,
816,Germany,Lignite,51.4,11.954,900.0,1995.0,
817,Germany,Lignite,51.535,14.354,1510.0,1997.0,
818,Hungary,Lignite,47.096,17.558,93.0,,
819,Hungary,Lignite,47.790000000000006,20.067000000000004,869.0,1899.0,
820,Hungary,Lignite,47.502,18.271,220.0,1961.0,
821,Spain,Lignite,40.794,-0.816,142.3,,2012.0
822,Poland,Lignite,52.0,18.533,600.0,1964.0,2017.0
823,Poland,Lignite,51.266,19.315,5472.0,1981.0,
824,Poland,Lignite,52.283,18.267,128.0,,
825,Poland,Lignite,52.305,18.232,1244.0,1967.0,
826,Poland,Lignite,52.305,18.232,474.0,2008.0,
827,Poland,Lignite,50.949000000000005,14.912999999999998,1488.0,1962.0,
828,Poland,Lignite,49.965,18.626,113.0,,
829,Slovakia,Lignite,48.694,18.532,440.0,1955.0,2015.0
830,Czechia,Lignite,50.029,15.45,768.0,1977.0,
831,Czechia,Lignite,50.153,14.128,375.0,2001.0,
832,Czechia,Lignite,50.522,13.572,192.0,,
833,Czechia,Lignite,50.58,13.781,597.0,2019.0,
834,Czechia,Lignite,50.58,13.781,194.0,,
835,Czechia,Lignite,50.415,14.416,275.0,,
836,Czechia,Lignite,50.415,14.416,196.0,,
837,Czechia,Lignite,50.415,14.416,415.0,1981.0,
838,Czechia,Lignite,50.211,15.808,348.0,,
839,Czechia,Lignite,50.426,13.682999999999998,930.0,1970.0,
840,Czechia,Lignite,49.744,13.361,111.0,,
841,Czechia,Lignite,50.419,13.256,393.0,,
842,Czechia,Lignite,50.419,13.256,1059.0,1982.0,
843,Czechia,Lignite,50.151,12.61,141.0,,
844,Czechia,Lignite,50.385,13.334,728.0,1974.0,
845,Slovenia,Lignite,46.126,15.061,125.0,1966.0,
846,Slovenia,Lignite,46.37199999999999,15.053000000000003,1092.0,1973.0,
847,Slovenia,Lignite,46.058,14.545,134.0,1966.0,
848,Greece,Lignite,40.393,21.921,274.0,1984.0,
849,Greece,Lignite,40.393,21.921,274.0,1984.0,
850,Greece,Lignite,40.393,21.921,283.0,1984.0,
851,Greece,Lignite,40.393,21.921,342.0,1997.0,
852,Greece,Lignite,40.393,21.921,283.0,1984.0,
853,Greece,Lignite,40.62,21.686,273.0,1987.0,
854,Greece,Lignite,40.62,21.686,273.0,1988.0,
855,Greece,Lignite,40.411,21.786,272.0,1975.0,
856,Greece,Lignite,40.411,21.786,271.0,1975.0,
857,Greece,Lignite,40.411,21.786,280.0,1981.0,
858,Greece,Lignite,40.411,21.786,280.0,1981.0,
859,Greece,Lignite,37.418,22.108,255.0,1991.0,
860,Greece,Lignite,37.416,22.067,256.0,1991.0,
861,Greece,Lignite,37.418,22.108,845.0,2015.0,
862,Greece,Lignite,40.814,21.598,289.0,2003.0,
863,Greece,Lignite,40.481,21.727,116.0,1965.0,2014.0
864,Greece,Lignite,40.481,21.727,274.0,1973.0,2014.0
865,Greece,Lignite,40.481,21.727,116.0,1965.0,2014.0
866,Romania,Lignite,44.347,23.815,262.0,1987.0,
867,Romania,Lignite,44.675,22.688,313.0,,
868,Romania,Lignite,45.041,24.29,176.7,,
869,Romania,Lignite,44.386,23.717,595.0,1987.0,
870,Romania,Lignite,47.084,21.893,170.0,,
871,Romania,Lignite,44.913,23.134,1238.0,1976.0,
872,Romania,Lignite,44.665,23.41,1916.0,1978.0,
873,Bulgaria,Lignite,42.607,23.078,105.0,1951.0,
874,Bulgaria,Lignite,42.145,26.003,908.0,1899.0,
875,Bulgaria,Lignite,42.052,25.623,120.0,1971.0,
876,Bulgaria,Lignite,42.256,26.132,1604.0,1966.0,
877,Bulgaria,Lignite,42.285,23.034000000000002,570.0,1973.0,
878,Bulgaria,Lignite,42.256,26.132,200.0,,
879,Bulgaria,Lignite,42.159,25.909,1372.0,2011.0,
880,Belgium,Nuclear,50.532,5.273,481.0,1975.0,
881,Belgium,Nuclear,50.532,5.273,481.0,,
882,Belgium,Nuclear,50.532,5.273,1008.0,1983.0,
883,Belgium,Nuclear,50.532,5.273,1038.0,1985.0,
884,Belgium,Nuclear,51.316,4.258,433.0,1975.0,
885,Belgium,Nuclear,51.316,4.258,433.0,1975.0,
886,Belgium,Nuclear,51.316,4.258,1006.0,1982.0,
887,Belgium,Nuclear,51.316,4.258,1039.0,1985.0,
888,Bulgaria,Nuclear,43.744,23.772,2000.0,1988.0,
889,Czechia,Nuclear,49.085,16.149,1880.0,1985.0,
890,Czechia,Nuclear,49.178,14.375,2056.0,2002.0,
891,Finland,Nuclear,60.372,26.347,496.0,1977.0,
892,Finland,Nuclear,60.372,26.347,496.0,1981.0,
893,Finland,Nuclear,61.235,21.437,880.0,1979.0,
894,Finland,Nuclear,61.235,21.437,880.0,1982.0,
895,Finland,Nuclear,61.235,21.437,1600.0,,
896,France,Nuclear,44.106,0.844,1310.0,1991.0,
897,France,Nuclear,44.106,0.844,1310.0,1994.0,
898,France,Nuclear,44.331,4.731,915.0,1981.0,
899,France,Nuclear,44.331,4.731,915.0,1980.0,
900,France,Nuclear,44.331,4.731,915.0,1980.0,
901,France,Nuclear,44.331,4.731,915.0,1981.0,
902,France,Nuclear,44.633,4.755,915.0,1985.0,
903,France,Nuclear,44.633,4.755,915.0,1984.0,
904,France,Nuclear,44.633,4.755,915.0,1985.0,
905,France,Nuclear,44.633,4.755,915.0,1984.0,
906,France,Nuclear,45.256,-0.693,910.0,1981.0,
907,France,Nuclear,45.256,-0.693,910.0,1983.0,
908,France,Nuclear,45.256,-0.693,910.0,1983.0,
909,France,Nuclear,45.256,-0.693,910.0,1983.0,
910,France,Nuclear,45.404,4.755,1335.0,1986.0,
911,France,Nuclear,45.404,4.755,1335.0,1987.0,
912,France,Nuclear,45.797,5.271,910.0,1979.0,
913,France,Nuclear,45.797,5.271,880.0,1980.0,
914,France,Nuclear,45.797,5.271,880.0,1972.0,
915,France,Nuclear,45.797,5.271,910.0,1979.0,
916,France,Nuclear,46.456,0.655,1495.0,2002.0,
917,France,Nuclear,46.456,0.655,1495.0,2002.0,
918,France,Nuclear,47.225,0.166,905.0,1988.0,
919,France,Nuclear,47.225,0.166,905.0,1987.0,
920,France,Nuclear,47.225,0.166,905.0,1984.0,
921,France,Nuclear,47.225,0.166,905.0,1984.0,
922,France,Nuclear,47.51,2.875,1310.0,1989.0,
923,France,Nuclear,47.51,2.875,1310.0,1988.0,
924,France,Nuclear,47.72,1.578,915.0,1983.0,
925,France,Nuclear,47.72,1.578,915.0,1983.0,
926,France,Nuclear,47.732,2.518,890.0,1981.0,
927,France,Nuclear,47.732,2.518,890.0,1981.0,
928,France,Nuclear,47.732,2.518,890.0,1981.0,
929,France,Nuclear,47.732,2.518,890.0,1980.0,
930,France,Nuclear,47.915,7.571,880.0,1978.0,
931,France,Nuclear,47.915,7.571,880.0,1978.0,
932,France,Nuclear,48.517,3.518,1310.0,1989.0,
933,France,Nuclear,48.517,3.518,1310.0,1988.0,
934,France,Nuclear,49.416,6.217,1300.0,1978.0,
935,France,Nuclear,49.416,6.217,1300.0,1988.0,
936,France,Nuclear,49.416,6.217,1300.0,1992.0,
937,France,Nuclear,49.416,6.217,1300.0,1991.0,
938,France,Nuclear,49.537,-1.882,1330.0,1987.0,
939,France,Nuclear,49.537,-1.882,1330.0,1986.0,
940,France,Nuclear,49.858,0.635,1330.0,1985.0,
941,France,Nuclear,49.858,0.635,1330.0,1986.0,
942,France,Nuclear,49.858,0.635,1330.0,1986.0,
943,France,Nuclear,49.858,0.635,1330.0,1985.0,
944,France,Nuclear,49.976,1.211,1330.0,1990.0,
945,France,Nuclear,49.976,1.211,1330.0,1992.0,
946,France,Nuclear,50.09,4.789,1500.0,2000.0,
947,France,Nuclear,50.09,4.789,1500.0,2000.0,
948,France,Nuclear,51.014,2.133,910.0,1985.0,
949,France,Nuclear,51.014,2.133,910.0,1981.0,
950,France,Nuclear,51.014,2.133,910.0,1981.0,
951,France,Nuclear,51.014,2.133,910.0,1980.0,
952,France,Nuclear,51.014,2.133,910.0,1980.0,
953,France,Nuclear,51.014,2.133,910.0,1985.0,
954,Germany,Nuclear,48.515,10.402,2572.0,1984.0,2017.0
955,Germany,Nuclear,48.605,12.294,1410.0,1988.0,
956,Germany,Nuclear,49.041,9.175,1320.0,1989.0,
957,Germany,Nuclear,49.253,8.436,1402.0,1980.0,
958,Germany,Nuclear,49.984,10.181,1275.0,,2015.0
959,Germany,Nuclear,52.036,9.414,1360.0,1985.0,
960,Germany,Nuclear,52.472,7.319,1336.0,1988.0,
961,Germany,Nuclear,53.851,9.345,1410.0,1986.0,
962,Hungary,Nuclear,46.574000000000005,18.854,1899.4,1983.0,
963,Netherlands,Nuclear,51.432,3.718,492.0,1973.0,
964,Romania,Nuclear,44.318,28.058,1354.5,,
965,Slovakia,Nuclear,48.262,18.459,940.0,1998.0,
966,Slovakia,Nuclear,48.494,17.679,1000.0,1980.0,
967,Slovenia,Nuclear,45.939,15.516,696.0,1981.0,
968,Spain,Nuclear,39.213,-1.051,1063.9,1985.0,
969,Spain,Nuclear,39.807,-5.699,1011.3,1983.0,
970,Spain,Nuclear,39.807,-5.699,1005.8,1984.0,
971,Spain,Nuclear,40.702,-2.623,1003.4,1988.0,
972,Spain,Nuclear,40.951,0.866,1045.3,1988.0,
973,Spain,Nuclear,41.201,0.568,995.8,1984.0,
974,Spain,Nuclear,41.201,0.568,991.7,1986.0,
975,Spain,Nuclear,42.774,-3.207,455.2,1971.0,2012.0
976,Sweden,Nuclear,57.257,12.109,878.0,1976.0,
977,Sweden,Nuclear,57.257,12.109,865.0,1975.0,
978,Sweden,Nuclear,57.257,12.109,1062.0,1981.0,
979,Sweden,Nuclear,57.257,12.109,938.0,1983.0,
980,Sweden,Nuclear,57.413,16.67,473.0,2006.0,2017.0
981,Sweden,Nuclear,57.416,16.673,638.0,,2015.0
982,Sweden,Nuclear,57.417,16.674,1400.0,1985.0,
983,Sweden,Nuclear,60.403,18.174,984.0,1980.0,
984,Sweden,Nuclear,60.403,18.174,1120.0,1981.0,
985,Sweden,Nuclear,60.403,18.174,1167.0,1985.0,
986,United Kingdom,Nuclear,50.913,0.964,1320.0,1965.0,
987,United Kingdom,Nuclear,51.209,-3.133,1400.0,1976.0,
988,United Kingdom,Nuclear,52.214,1.62,1320.0,1995.0,
989,United Kingdom,Nuclear,52.517,-2.029,560.0,1967.0,2011.0
990,United Kingdom,Nuclear,53.417,-4.483,1340.0,,2015.0
991,United Kingdom,Nuclear,54.03,-2.915,1332.0,1989.0,
992,United Kingdom,Nuclear,54.03,-2.915,1344.0,1989.0,
993,United Kingdom,Nuclear,54.636,-1.182,1332.0,1989.0,
994,United Kingdom,Nuclear,55.723,-4.894,1320.0,1976.0,
995,United Kingdom,Nuclear,55.968,-2.409,1370.0,1988.0,
996,Austria,OilOther,46.917,15.483,150.0,,
997,Belgium,OilOther,51.0902,3.4469,18.6,,
998,Belgium,OilOther,51.3193,4.853,33.2,,
999,Belgium,OilOther,50.9079,4.4155,18.6,,
1000,Belgium,OilOther,50.2444,5.9302,18.6,,
1001,Belgium,OilOther,50.7303,3.8531,18.6,,
1002,Belgium,OilOther,50.9548,2.8103,18.6,,
1003,Belgium,OilOther,51.1424,3.1368,18.6,,
1004,Belgium,OilOther,51.329,3.1819,18.6,,
1005,Belgium,OilOther,51.1896,3.8078,18.6,,
1006,Croatia,OilOther,45.2862,14.5207,320.0,,
1007,Croatia,OilOther,45.4538,16.4144,420.0,,
1008,Denmark,OilOther,55.807,11.882,520.0,1974.0,
1009,Estonia,OilOther,59.273,27.896,270.0,,
1010,Estonia,OilOther,59.274,27.901000000000003,1369.0,1969.0,
1011,Estonia,OilOther,59.353,28.126,612.0,1965.0,
1012,Finland,OilOther,60.162,24.909,128.0,,
1013,Finland,OilOther,61.24,21.448,125.0,,
1014,Finland,OilOther,62.211,27.672,326.0,,
1015,Finland,OilOther,62.211,27.672,180.0,,
1016,France,OilOther,43.9,4.68,685.0,,2016.0
1017,France,OilOther,43.9,4.68,685.0,,2016.0
1018,France,OilOther,47.29,-1.83,685.0,1899.0,2018.0
1019,France,OilOther,47.29,-1.83,685.0,1899.0,
1020,France,OilOther,48.35,-3.85,134.0,1996.0,
1021,France,OilOther,48.35,-3.85,85.0,1980.0,
1022,France,OilOther,48.35,-3.85,85.0,1980.0,
1023,France,OilOther,48.39,2.96,185.0,,
1024,France,OilOther,48.39,2.96,185.0,,
1025,France,OilOther,48.4,-4.26,85.0,1899.0,
1026,France,OilOther,48.4,-4.26,85.0,1899.0,
1027,France,OilOther,48.78,2.39,125.0,,
1028,France,OilOther,48.78,2.39,129.0,,
1029,France,OilOther,48.87,2.63,181.0,,
1030,France,OilOther,48.87,2.63,179.0,,
1031,France,OilOther,48.87,2.63,182.0,,
1032,France,OilOther,48.97,1.76,572.0,,2018.0
1033,France,OilOther,48.97,1.76,572.0,,2018.0
1034,France,OilOther,48.97,1.76,572.0,,2018.0
1035,France,OilOther,48.97,1.76,572.0,,2018.0
1036,Germany,OilOther,48.762,11.504,772.0,1973.0,
1037,Germany,OilOther,49.021,9.158,136.0,1964.0,
1038,Germany,OilOther,52.481,13.308,276.0,1976.0,
1039,Germany,OilOther,53.088,14.244,234.0,1972.0,
1040,Germany,OilOther,53.893,9.201,256.0,1973.0,2017.0
1041,Greece,OilOther,37.747,24.068,123.0,1972.0,2015.0
1042,Greece,OilOther,37.747,24.068,287.0,1973.0,2015.0
1043,Greece,OilOther,38.39,24.052,144.0,,2015.0
1044,Greece,OilOther,38.39,24.052,144.0,,2015.0
1045,Ireland,OilOther,52.281,-6.991,674.0,,
1046,Ireland,OilOther,52.588,-9.364,652.0,1969.0,
1047,Ireland,OilOther,54.611,-5.906,74.0,,
1048,Hungary,OilOther,47.105,18.018,120.0,1998.0,
1049,Hungary,OilOther,47.721,19.68,170.0,2001.0,
1050,Hungary,OilOther,47.94,20.968,120.0,1998.0,
1051,Italy,OilOther,37.06,14.274,100.0,1963.0,
1052,Italy,OilOther,37.179,15.181,57.0,,
1053,Italy,OilOther,37.208,15.178,144.0,1956.0,2016.0
1054,Italy,OilOther,37.312,13.507,140.0,,
1055,Italy,OilOther,38.2,15.267,866.0,1971.0,
1056,Italy,OilOther,39.227,8.997,176.0,,
1057,Italy,OilOther,40.25,9.033,80.0,1974.0,
1058,Italy,OilOther,40.588,17.116,10.0,,
1059,Italy,OilOther,40.643,17.981,500.0,,
1060,Italy,OilOther,40.833,8.402,30.0,,
1061,Italy,OilOther,40.842,14.259,12.0,,
1062,Italy,OilOther,40.932,14.368,99.0,,
1063,Italy,OilOther,41.023,14.374,352.0,1977.0,
1064,Italy,OilOther,41.46,13.932,39.0,,
1065,Italy,OilOther,41.631,15.917,14.0,,
1066,Italy,OilOther,41.812,12.423,23.0,,
1067,Italy,OilOther,41.819,14.966,248.0,,
1068,Italy,OilOther,41.904,12.5,80.0,,
1069,Italy,OilOther,42.338,14.373,115.0,,
1070,Italy,OilOther,42.811,10.321,16.0,,
1071,Italy,OilOther,43.544,10.317,203.0,1963.0,
1072,Italy,OilOther,44.313,11.861,10.0,,
1073,Italy,OilOther,44.407,8.32,21.0,,
1074,Italy,OilOther,44.418,12.204,15.0,,
1075,Italy,OilOther,44.449,12.237,114.0,,
1076,Italy,OilOther,44.535,11.861,58.0,,
1077,Italy,OilOther,44.658,10.918,21.0,,
1078,Italy,OilOther,44.691,7.832,37.0,,
1079,Italy,OilOther,45.042,7.627,19.0,,
1080,Italy,OilOther,45.099,8.876,15.0,,
1081,Italy,OilOther,45.167,10.8,15.0,,
1082,Italy,OilOther,45.183,7.883,370.0,,
1083,Italy,OilOther,45.28,8.75,44.0,,
1084,Italy,OilOther,45.431,12.246,11.0,,
1085,Italy,OilOther,45.465,12.265,15.0,,
1086,Italy,OilOther,45.516,10.212,117.0,,
1087,Italy,OilOther,45.533,9.226,111.0,,
1088,Italy,OilOther,45.613,9.502,20.0,,
1089,Italy,OilOther,45.636,9.61,122.0,,
1090,Italy,OilOther,45.869,7.617,44.0,,
1091,Italy,OilOther,45.922,13.606,57.0,2005.0,
1092,Italy,OilOther,46.295,8.264,17.0,,
1093,Poland,OilOther,52.583,19.667,415.0,2018.0,
1094,Spain,OilOther,28.0996,-16.681,43.2,2003.0,
1095,Spain,OilOther,27.8045,-15.4387,646.26,2008.0,
1096,Spain,OilOther,42.65,-8.9,24.6,2011.0,
1097,Spain,OilOther,28.3548,-16.3727,153.94,1979.0,
1098,Spain,OilOther,35.89,-5.35,48.7,2011.0,
1099,Spain,OilOther,35.89,-5.35,11.5,2001.0,
1100,Spain,OilOther,41.6333,0.9,13.56,2011.0,
1101,Spain,OilOther,38.6871,-4.1073,40.83,1994.0,
1102,Spain,OilOther,37.5645,-0.9513,537.28,1968.0,
1103,Spain,OilOther,43.34,-3.0539,897.02,1972.0,
1104,Spain,OilOther,39.2379,-3.4233,16.0,,
1105,Spain,OilOther,43.213,-8.691,13.18,2012.0,
1106,Spain,OilOther,43.4604,-8.2551,24.8,2012.0,
1107,Spain,OilOther,28.0863,-16.4939,693.34,1990.0,
1108,Spain,OilOther,28.2115,-16.7795,43.1,2006.0,
1109,Spain,OilOther,28.0424,-15.4114,234.46000000000004,1989.0,
1110,Spain,OilOther,28.5004,-13.8627,72.11,2005.0,
1111,Spain,OilOther,28.5004,-13.8627,51.25,2000.0,
1112,Spain,OilOther,28.5004,-13.8627,11.74,1988.0,
1113,Spain,OilOther,28.6538,-17.7867,67.3,2006.0,
1114,Spain,OilOther,39.8964,4.2597,195.2,1991.0,
1115,Spain,OilOther,35.29,-2.94,46.900000000000006,2008.0,
1116,Spain,OilOther,43.3,-7.5833,18.801,1999.0,
1117,Spain,OilOther,28.963,-13.5477,184.95,2013.0,
1118,Spain,OilOther,39.65,2.6807,563.75,2000.0,
1119,Spain,OilOther,42.702,0.7956,12.9,2010.0,
1120,Sweden,OilOther,55.605,13.004,126.0,,
1121,Sweden,OilOther,56.153,14.836,670.0,1969.0,2015.0
1122,Sweden,OilOther,56.661,12.869,172.0,,
1123,Sweden,OilOther,58.089,11.845,260.0,,
1124,Sweden,OilOther,58.089,11.845,260.0,1969.0,
1125,Sweden,OilOther,59.353,18.101,440.0,,
1126,Sweden,OilOther,59.588,16.513,245.0,,
1127,United Kingdom,OilOther,50.834,-1.377,100.0,1982.0,
1128,United Kingdom,OilOther,51.387,-3.407,51.0,,
1129,United Kingdom,OilOther,51.444,0.713,1350.0,1979.0,2012.0
1130,United Kingdom,OilOther,51.467000000000006,0.242,1370.0,1982.0,2015.0
1131,United Kingdom,OilOther,51.467000000000006,0.242,105.0,1982.0,2015.0
1132,United Kingdom,OilOther,51.622,-1.261,100.0,1968.0,
1133,United Kingdom,OilOther,52.205,-0.267,17.0,2006.0,
1134,United Kingdom,OilOther,54.726,-5.765,618.0,1981.0,
1135,United Kingdom,OilOther,54.845000000000006,-5.7860000000000005,727.0,1974.0,
